order,index,name,type1,type2,ability,total,H,A,B,C,D,S,constraint,pick
1,1,Bulbasaur,GRASS,POISON,Overgrow|Chlorophyll,318,45,49,49,65,65,45,,0
2,2,Ivysaur,GRASS,POISON,Overgrow|Chlorophyll,405,60,62,63,80,80,60,,0
3,3,Venusaur,GRASS,POISON,Overgrow|Chlorophyll,525,80,82,83,100,100,80,,0
5,4,Charmander,FIRE,,Blaze|SolarPower,309,39,52,43,60,50,65,,0
6,5,Charmeleon,FIRE,,Blaze|SolarPower,405,58,64,58,80,65,80,,0
7,6,Charizard,FIRE,FLYING,Blaze|SolarPower,534,78,84,78,109,85,100,,0
10,7,Squirtle,WATER,,Torrent|RainDish,314,44,48,65,50,64,43,,0
11,8,Wartortle,WATER,,Torrent|RainDish,405,59,63,80,65,80,58,,0
12,9,Blastoise,WATER,,Torrent|RainDish,530,79,83,100,85,105,78,,0
31,23,Ekans,POISON,,Intimidate|ShedSkin|Unnerve,288,35,60,44,40,54,55,,0
32,24,Arbok,POISON,,Intimidate|ShedSkin|Unnerve,448,60,95,69,65,79,80,,0
33,25,Pikachu,ELECTRIC,,Static|LightningRod,320,35,55,40,50,50,90,,0
34,26,Raichu,ELECTRIC,,Static|LightningRod,485,60,90,55,90,80,110,,0
35,26,Raichu_Alolan Raichu,ELECTRIC,PSYCHIC,SurgeSurfer,485,60,85,50,95,85,110,,0
36,27,Sandshrew,GROUND,,SandVeil|SandRush,300,50,75,85,20,30,40,,0
37,27,Sandshrew_Alolan Sandshrew,ICE,STEEL,SnowCloak|SlushRush,300,50,75,90,10,35,40,,0
38,28,Sandslash,GROUND,,SandVeil|SandRush,450,75,100,110,45,55,65,,0
39,28,Sandslash_Alolan Sandslash,ICE,STEEL,SnowCloak|SlushRush,450,75,100,120,25,65,65,,0
46,35,Clefairy,FAIRY,,CuteCharm|MagicGuard|FriendGuard,323,70,45,48,60,65,35,,13
47,36,Clefable,FAIRY,,CuteCharm|MagicGuard|Unaware,483,95,70,73,95,90,60,,0
48,37,Vulpix,FIRE,,FlashFire|Drought,299,38,41,40,50,65,65,,0
49,37,Vulpix_Alolan Vulpix,ICE,,SnowCloak|SnowWarning,299,38,41,40,50,65,65,,0
50,38,Ninetales,FIRE,,FlashFire|Drought,505,73,76,75,81,100,100,,0
51,38,Ninetales_Alolan Ninetales,ICE,FAIRY,SnowCloak|SnowWarning,505,73,67,75,81,100,109,,0
52,39,Jigglypuff,NORMAL,FAIRY,CuteCharm|Competitive|FriendGuard,270,115,45,20,45,25,20,,0
53,40,Wigglytuff,NORMAL,FAIRY,CuteCharm|Competitive|Frisk,435,140,70,45,85,50,45,,0
56,43,Oddish,GRASS,POISON,Chlorophyll|RunAway,320,45,50,55,75,65,30,,0
57,44,Gloom,GRASS,POISON,Chlorophyll|Stench,395,60,65,70,85,75,40,,0
58,45,Vileplume,GRASS,POISON,Chlorophyll|EffectSpore,490,75,80,85,110,90,50,,0
61,48,Venonat,BUG,POISON,CompoundEyes|TintedLens|RunAway,305,60,55,50,40,55,45,,0
62,49,Venomoth,BUG,POISON,ShieldDust|TintedLens|WonderSkin,450,70,65,60,90,75,90,,0
63,50,Diglett,GROUND,,SandVeil|ArenaTrap|SandForce,265,10,55,25,35,45,95,,0
64,50,Diglett_Alolan Diglett,GROUND,STEEL,SandVeil|TanglingHair|SandForce,265,10,55,30,35,45,90,,0
65,51,Dugtrio,GROUND,,SandVeil|ArenaTrap|SandForce,425,35,100,50,50,70,120,,0
66,51,Dugtrio_Alolan Dugtrio,GROUND,STEEL,SandVeil|TanglingHair|SandForce,425,35,100,60,50,70,110,,0
67,52,Meowth,NORMAL,,Pickup|Technician|Unnerve,290,40,45,35,40,40,90,,0
68,52,Meowth_Alolan Meowth,DARK,,Pickup|Technician|Rattled,290,40,35,35,50,40,90,,0
69,52,Meowth_Galarian Meowth,STEEL,,Pickup|ToughClaws|Unnerve,290,50,65,55,40,40,40,,0
70,53,Persian,NORMAL,,Limber|Technician|Unnerve,440,65,70,60,65,65,115,,0
71,53,Persian_Alolan Persian,DARK,,FurCoat|Technician|Rattled,440,65,60,60,75,65,115,,0
72,54,Psyduck,WATER,,Damp|CloudNine|SwiftSwim,320,50,52,48,65,50,55,,0
73,55,Golduck,WATER,,Damp|CloudNine|SwiftSwim,500,80,82,78,95,80,85,,0
74,56,Mankey,FIGHTING,,VitalSpirit|AngerPoint|Defiant,305,40,80,35,35,45,70,,0
75,57,Primeape,FIGHTING,,VitalSpirit|AngerPoint|Defiant,455,65,105,60,60,70,95,,0
76,58,Growlithe,FIRE,,Intimidate|FlashFire|Justified,350,55,70,45,70,50,60,,0
77,58,Growlithe_Hisuian Growlithe,FIRE,ROCK,Intimidate|FlashFire|RockHead,350,60,75,45,65,50,55,,0
78,59,Arcanine,FIRE,,Intimidate|FlashFire|Justified,555,90,110,80,100,80,95,,0
79,59,Arcanine_Hisuian Arcanine,FIRE,ROCK,Intimidate|FlashFire|RockHead,555,95,115,80,95,80,90,,0
80,60,Poliwag,WATER,,WaterAbsorb|Damp|SwiftSwim,300,40,50,40,40,40,90,,0
81,61,Poliwhirl,WATER,,WaterAbsorb|Damp|SwiftSwim,385,65,65,65,50,50,90,,0
82,62,Poliwrath,WATER,FIGHTING,WaterAbsorb|Damp|SwiftSwim,510,90,95,95,70,90,70,,0
90,69,Bellsprout,GRASS,POISON,Chlorophyll|Gluttony,300,50,75,35,70,30,40,,0
91,70,Weepinbell,GRASS,POISON,Chlorophyll|Gluttony,390,65,90,50,85,45,55,,0
92,71,Victreebel,GRASS,POISON,Chlorophyll|Gluttony,490,80,105,65,100,70,70,,0
93,72,Tentacool,WATER,POISON,ClearBody|LiquidOoze|RainDish,335,40,40,35,50,100,70,,0
94,73,Tentacruel,WATER,POISON,ClearBody|LiquidOoze|RainDish,515,80,70,65,80,120,100,,0
95,74,Geodude,ROCK,GROUND,RockHead|Sturdy|SandVeil,300,40,80,100,30,30,20,,0
96,74,Geodude_Alolan Geodude,ROCK,ELECTRIC,MagnetPull|Sturdy|Galvanize,300,40,80,100,30,30,20,,0
97,75,Graveler,ROCK,GROUND,RockHead|Sturdy|SandVeil,390,55,95,115,45,45,35,,0
98,75,Graveler_Alolan Graveler,ROCK,ELECTRIC,MagnetPull|Sturdy|Galvanize,390,55,95,115,45,45,35,,0
99,76,Golem,ROCK,GROUND,RockHead|Sturdy|SandVeil,495,80,120,130,55,65,45,,0
100,76,Golem_Alolan Golem,ROCK,ELECTRIC,MagnetPull|Sturdy|Galvanize,495,80,120,130,55,65,45,,0
105,79,Slowpoke,WATER,PSYCHIC,Oblivious|OwnTempo|Regenerator,315,90,65,65,40,40,15,,0
106,79,Slowpoke_Galarian Slowpoke,PSYCHIC,,Gluttony|OwnTempo|Regenerator,315,90,65,65,40,40,15,,0
107,80,Slowbro,WATER,PSYCHIC,Oblivious|OwnTempo|Regenerator,490,95,75,110,100,80,30,,0
108,80,Slowbro_Galarian Slowbro,POISON,PSYCHIC,QuickDraw|OwnTempo|Regenerator,490,95,100,95,100,70,30,,0
110,81,Magnemite,ELECTRIC,STEEL,MagnetPull|Sturdy|Analytic,325,25,35,70,95,55,45,,0
111,82,Magneton,ELECTRIC,STEEL,MagnetPull|Sturdy|Analytic,465,50,60,95,120,70,70,,0
114,84,Doduo,NORMAL,FLYING,RunAway|EarlyBird|TangledFeet,310,35,85,45,35,35,75,,0
115,85,Dodrio,NORMAL,FLYING,RunAway|EarlyBird|TangledFeet,470,60,110,70,60,60,110,,0
116,86,Seel,WATER,,ThickFat|Hydration|IceBody,325,65,45,55,45,70,45,,0
117,87,Dewgong,WATER,ICE,ThickFat|Hydration|IceBody,475,90,70,80,70,95,70,,0
118,88,Grimer,POISON,,Stench|StickyHold|PoisonTouch,325,80,80,50,40,50,25,,0
119,88,Grimer_Alolan Grimer,POISON,DARK,PoisonTouch|Gluttony|PowerofAlchemy,325,80,80,50,40,50,25,,0
120,89,Muk,POISON,,Stench|StickyHold|PoisonTouch,500,105,105,75,65,100,50,,0
121,89,Muk_Alolan Muk,POISON,DARK,PoisonTouch|Gluttony|PowerofAlchemy,500,105,105,75,65,100,50,,0
122,90,Shellder,WATER,,ShellArmor|SkillLink|Overcoat,305,30,65,100,45,25,40,,0
123,91,Cloyster,WATER,ICE,ShellArmor|SkillLink|Overcoat,525,50,95,180,85,45,70,,0
124,92,Gastly,GHOST,POISON,Levitate,310,30,35,30,100,35,80,,0
125,93,Haunter,GHOST,POISON,Levitate,405,45,50,45,115,55,95,,0
126,94,Gengar,GHOST,POISON,CursedBody,500,60,65,60,130,75,110,,0
129,96,Drowzee,PSYCHIC,,Insomnia|Forewarn|InnerFocus,328,60,48,45,43,90,42,,0
130,97,Hypno,PSYCHIC,,Insomnia|Forewarn|InnerFocus,483,85,73,70,73,115,67,,0
133,100,Voltorb,ELECTRIC,,Soundproof|Static|Aftermath,330,40,30,50,55,55,100,,0
134,100,Voltorb_Hisuian Voltorb,ELECTRIC,GRASS,Soundproof|Static|Aftermath,330,40,30,50,55,55,100,,0
135,101,Electrode,ELECTRIC,,Soundproof|Static|Aftermath,490,60,50,70,80,80,150,,0
136,101,Electrode_Hisuian Electrode,ELECTRIC,GRASS,Soundproof|Static|Aftermath,490,60,50,70,80,80,150,,0
137,102,Exeggcute,GRASS,PSYCHIC,Chlorophyll|Harvest,325,60,40,80,60,45,40,,0
138,103,Exeggutor,GRASS,PSYCHIC,Chlorophyll|Harvest,530,95,95,85,125,75,55,,0
139,103,Exeggutor_Alolan Exeggutor,GRASS,DRAGON,Frisk|Harvest,530,95,105,85,125,75,45,,0
143,106,Hitmonlee,FIGHTING,,Limber|Reckless|Unburden,455,50,120,53,35,110,87,,0
144,107,Hitmonchan,FIGHTING,,KeenEye|IronFist|InnerFocus,455,50,105,79,35,110,76,,0
145,108,Lickitung,NORMAL,,OwnTempo|Oblivious|CloudNine,385,90,55,75,60,75,30,,0
146,109,Koffing,POISON,,Levitate|NeutralizingGas|Stench,340,40,65,95,60,45,35,,0
147,110,Weezing,POISON,,Levitate|NeutralizingGas|Stench,490,65,90,120,85,70,60,,0
148,110,Weezing_Galarian Weezing,POISON,FAIRY,Levitate|NeutralizingGas|MistySurge,490,65,90,120,85,70,60,,5
149,111,Rhyhorn,GROUND,ROCK,LightningRod|RockHead|Reckless,345,80,85,95,30,30,25,,0
150,112,Rhydon,GROUND,ROCK,LightningRod|RockHead|Reckless,485,105,130,120,45,45,40,,0
151,113,Chansey,NORMAL,,NaturalCure|SereneGrace|Healer,450,250,5,5,35,105,50,,0
155,116,Horsea,WATER,,SwiftSwim|Sniper|Damp,295,30,40,70,70,25,60,,0
156,117,Seadra,WATER,,PoisonPoint|Sniper|Damp,440,55,65,95,95,45,85,,0
159,120,Staryu,WATER,,Illuminate|NaturalCure|Analytic,340,30,45,55,70,55,85,,0
160,121,Starmie,WATER,PSYCHIC,Illuminate|NaturalCure|Analytic,520,60,75,85,100,85,115,,0
163,123,Scyther,BUG,FLYING,Swarm|Technician|Steadfast,500,70,110,80,55,80,105,,0
165,125,Electabuzz,ELECTRIC,,Static|VitalSpirit,490,65,83,57,95,85,105,,2
166,126,Magmar,FIRE,,FlameBody|VitalSpirit,495,65,95,57,100,85,93,,0
169,128,Tauros,NORMAL,,Intimidate|AngerPoint|SheerForce,490,75,100,95,40,70,110,,0
170,128,Tauros_Combat Breed,FIGHTING,,Intimidate|AngerPoint|CudChew,490,75,110,105,30,70,100,,0
171,128,Tauros_Blaze Breed,FIGHTING,FIRE,Intimidate|AngerPoint|CudChew,490,75,110,105,30,70,100,,0
172,128,Tauros_Aqua Breed,FIGHTING,WATER,Intimidate|AngerPoint|CudChew,490,75,110,105,30,70,100,,0
173,129,Magikarp,WATER,,SwiftSwim|Rattled,200,20,10,55,15,20,80,,0
174,130,Gyarados,WATER,FLYING,Intimidate|Moxie,540,95,125,79,60,100,81,,0
175,130,Gyarados_Mega Gyarados,WATER,DARK,TBD,640,95,155,109,70,130,81,,0
176,131,Lapras,WATER,ICE,WaterAbsorb|ShellArmor|Hydration,535,130,85,80,85,95,60,,0
177,132,Ditto,NORMAL,,Limber|Imposter,288,48,48,48,48,48,48,,6
178,133,Eevee,NORMAL,,RunAway|Adaptability|Anticipation,325,55,55,50,45,65,55,,0
179,134,Vaporeon,WATER,,WaterAbsorb|Hydration,525,130,65,60,110,95,65,,0
180,135,Jolteon,ELECTRIC,,VoltAbsorb|QuickFeet,525,65,65,60,110,95,130,,0
181,136,Flareon,FIRE,,FlashFire|Guts,525,65,130,60,95,110,65,,0
182,137,Porygon,NORMAL,,Trace|Download|Analytic,395,65,60,70,85,75,40,,0
189,143,Snorlax,NORMAL,,Immunity|ThickFat|Gluttony,540,160,110,65,65,110,30,,0
190,144,Articuno,ICE,FLYING,Pressure|SnowCloak,580,90,85,100,95,125,85,,0
191,144,Articuno_Galarian Articuno,PSYCHIC,FLYING,Competitive|SnowCloak,580,90,85,85,125,100,95,,0
192,145,Zapdos,ELECTRIC,FLYING,Pressure|Static,580,90,90,85,125,90,100,,0
193,145,Zapdos_Galarian Zapdos,FIGHTING,FLYING,Defiant|Static,580,90,125,90,85,90,100,,0
194,146,Moltres,FIRE,FLYING,Pressure|FlameBody,580,90,100,90,125,85,90,,0
195,146,Moltres_Galarian Moltres,DARK,FLYING,Berserk|FlameBody,580,90,85,90,100,125,90,,0
196,147,Dratini,DRAGON,,ShedSkin|MarvelScale,300,41,64,45,50,50,50,,0
197,148,Dragonair,DRAGON,,ShedSkin|MarvelScale,420,61,84,65,70,70,70,,0
198,149,Dragonite,DRAGON,FLYING,InnerFocus|Multiscale,600,91,134,95,100,100,80,,3
199,150,Mewtwo,PSYCHIC,,Pressure|Unnerve,680,106,110,90,154,90,130,,0
202,151,Mew,PSYCHIC,,Synchronize,600,100,100,100,100,100,100,,0
203,152,Chikorita,GRASS,,Overgrow|LeafGuard,318,45,49,65,49,65,45,,0
204,153,Bayleef,GRASS,,Overgrow|LeafGuard,405,60,62,80,63,80,60,,0
205,154,Meganium,GRASS,,Overgrow|LeafGuard,525,80,82,100,83,100,80,,0
206,155,Cyndaquil,FIRE,,Blaze|FlashFire,309,39,52,43,60,50,65,,0
207,156,Quilava,FIRE,,Blaze|FlashFire,405,58,64,58,80,65,80,,0
208,157,Typhlosion,FIRE,,Blaze|FlashFire,534,78,84,78,109,85,100,,0
209,157,Typhlosion_Hisuian Typhlosion,FIRE,GHOST,Blaze|Frisk,534,73,84,78,119,85,95,,0
210,158,Totodile,WATER,,Torrent|SheerForce,314,50,65,64,44,48,43,,0
211,159,Croconaw,WATER,,Torrent|SheerForce,405,65,80,80,59,63,58,,0
212,160,Feraligatr,WATER,,Torrent|SheerForce,530,85,105,100,79,83,78,,0
213,161,Sentret,NORMAL,,RunAway|KeenEye|Frisk,215,35,46,34,35,45,20,,0
214,162,Furret,NORMAL,,RunAway|KeenEye|Frisk,415,85,76,64,45,55,90,,0
215,163,Hoothoot,NORMAL,FLYING,Insomnia|KeenEye|TintedLens,262,60,30,30,36,56,50,,0
216,164,Noctowl,NORMAL,FLYING,Insomnia|KeenEye|TintedLens,452,100,50,50,86,96,70,,0
219,167,Spinarak,BUG,POISON,Swarm|Insomnia|Sniper,250,40,60,40,40,40,30,,0
220,168,Ariados,BUG,POISON,Swarm|Insomnia|Sniper,400,70,90,70,60,70,40,,0
222,170,Chinchou,WATER,ELECTRIC,VoltAbsorb|Illuminate|WaterAbsorb,330,75,38,38,56,56,67,,0
223,171,Lanturn,WATER,ELECTRIC,VoltAbsorb|Illuminate|WaterAbsorb,460,125,58,58,76,76,67,,0
224,172,Pichu,ELECTRIC,,Static|LightningRod,205,20,40,15,35,35,60,,0
225,173,Cleffa,FAIRY,,CuteCharm|MagicGuard|FriendGuard,218,50,25,28,45,55,15,,0
226,174,Igglybuff,NORMAL,FAIRY,CuteCharm|Competitive|FriendGuard,210,90,30,15,40,20,15,,0
231,179,Mareep,ELECTRIC,,Static|Plus,280,55,40,40,65,45,35,,0
232,180,Flaaffy,ELECTRIC,,Static|Plus,365,70,55,55,80,60,45,,0
233,181,Ampharos,ELECTRIC,,Static|Plus,510,90,75,85,115,90,55,,0
235,182,Bellossom,GRASS,,Chlorophyll|Healer,490,75,80,95,90,100,50,,0
236,183,Marill,WATER,FAIRY,ThickFat|HugePower|SapSipper,250,70,20,50,20,50,40,,0
237,184,Azumarill,WATER,FAIRY,ThickFat|HugePower|SapSipper,420,100,50,80,60,80,50,,0
238,185,Sudowoodo,ROCK,,Sturdy|RockHead|Rattled,410,70,100,115,30,65,30,,0
239,186,Politoed,WATER,,WaterAbsorb|Damp|Drizzle,500,90,75,75,90,100,70,,0
240,187,Hoppip,GRASS,FLYING,Chlorophyll|LeafGuard|Infiltrator,250,35,35,40,35,55,50,,0
241,188,Skiploom,GRASS,FLYING,Chlorophyll|LeafGuard|Infiltrator,340,55,45,50,45,65,80,,0
242,189,Jumpluff,GRASS,FLYING,Chlorophyll|LeafGuard|Infiltrator,460,75,55,70,55,95,110,,0
243,190,Aipom,NORMAL,,RunAway|Pickup|SkillLink,360,55,70,55,40,55,85,,0
244,191,Sunkern,GRASS,,Chlorophyll|SolarPower|EarlyBird,180,30,30,30,30,30,30,,0
245,192,Sunflora,GRASS,,Chlorophyll|SolarPower|EarlyBird,425,75,75,55,105,85,30,,0
246,193,Yanma,BUG,FLYING,SpeedBoost|CompoundEyes|Frisk,390,65,65,45,75,45,95,,0
247,194,Wooper,WATER,GROUND,Damp|WaterAbsorb|Unaware,210,55,45,45,25,25,15,,0
248,194,Wooper_Paldean Wooper,POISON,GROUND,PoisonPoint|WaterAbsorb|Unaware,210,55,45,45,25,25,15,,0
249,195,Quagsire,WATER,GROUND,Damp|WaterAbsorb|Unaware,430,95,85,85,65,65,35,,0
250,196,Espeon,PSYCHIC,,Synchronize|MagicBounce,525,65,65,60,130,95,110,,0
251,197,Umbreon,DARK,,Synchronize|InnerFocus,525,95,65,110,60,130,65,,1
252,198,Murkrow,DARK,FLYING,Insomnia|SuperLuck|Prankster,405,60,85,42,85,42,91,,0
253,199,Slowking,WATER,PSYCHIC,Oblivious|OwnTempo|Regenerator,490,95,75,80,100,110,30,,1
254,199,Slowking_Galarian Slowking,POISON,PSYCHIC,CuriousMedicine|OwnTempo|Regenerator,490,95,65,80,110,110,30,,0
255,200,Misdreavus,GHOST,,Levitate,435,60,60,60,85,85,85,,0
258,203,Girafarig,NORMAL,PSYCHIC,InnerFocus|EarlyBird|SapSipper,455,70,80,65,90,65,85,,0
259,204,Pineco,BUG,,Sturdy|Overcoat,290,50,65,90,35,35,15,,0
260,205,Forretress,BUG,STEEL,Sturdy|Overcoat,465,75,90,140,60,60,40,,0
261,206,Dunsparce,NORMAL,,SereneGrace|RunAway|Rattled,415,100,70,70,65,65,45,,0
262,207,Gligar,GROUND,FLYING,HyperCutter|SandVeil|Immunity,430,65,75,105,35,65,85,,0
265,209,Snubbull,FAIRY,,Intimidate|RunAway|Rattled,300,60,80,50,40,40,30,,0
266,210,Granbull,FAIRY,,Intimidate|QuickFeet|Rattled,450,90,120,75,60,60,45,,0
267,211,Qwilfish,WATER,POISON,PoisonPoint|SwiftSwim|Intimidate,440,65,95,85,55,55,85,,0
268,211,Qwilfish_Hisuian Qwilfish,DARK,POISON,PoisonPoint|SwiftSwim|Intimidate,440,65,95,85,55,55,85,,0
269,212,Scizor,BUG,STEEL,Swarm|Technician|LightMetal,500,70,130,100,55,80,65,,0
272,214,Heracross,BUG,FIGHTING,Swarm|Guts|Moxie,500,80,125,75,40,95,85,,0
274,215,Sneasel,DARK,ICE,InnerFocus|KeenEye|Pickpocket,430,55,95,55,35,75,115,,0
275,215,Sneasel_Hisuian Sneasel,FIGHTING,POISON,InnerFocus|KeenEye|Pickpocket,430,55,95,55,35,75,115,,0
276,216,Teddiursa,NORMAL,,Pickup|QuickFeet|HoneyGather,330,60,80,50,50,50,40,,0
277,217,Ursaring,NORMAL,,Guts|QuickFeet|Unnerve,500,90,130,75,75,75,55,,0
278,218,Slugma,FIRE,,MagmaArmor|FlameBody|WeakArmor,250,40,40,40,70,40,20,,0
279,219,Magcargo,FIRE,ROCK,MagmaArmor|FlameBody|WeakArmor,430,60,50,120,90,80,30,,0
280,220,Swinub,ICE,GROUND,Oblivious|SnowCloak|ThickFat,250,50,50,40,30,30,50,,0
281,221,Piloswine,ICE,GROUND,Oblivious|SnowCloak|ThickFat,450,100,100,80,60,60,50,,0
286,225,Delibird,ICE,FLYING,VitalSpirit|Hustle|Insomnia,330,45,55,45,65,45,75,,0
287,226,Mantine,WATER,FLYING,SwiftSwim|WaterAbsorb|WaterVeil,485,85,40,70,80,140,70,,0
288,227,Skarmory,STEEL,FLYING,KeenEye|Sturdy|WeakArmor,465,65,80,140,40,70,70,,0
289,228,Houndour,DARK,FIRE,EarlyBird|FlashFire|Unnerve,330,45,60,30,80,50,65,,0
290,229,Houndoom,DARK,FIRE,EarlyBird|FlashFire|Unnerve,500,75,90,50,110,80,95,,0
292,230,Kingdra,WATER,DRAGON,SwiftSwim|Sniper|Damp,540,75,95,95,95,95,85,,0
293,231,Phanpy,GROUND,,Pickup|SandVeil,330,90,60,60,40,40,40,,0
294,232,Donphan,GROUND,,Sturdy|SandVeil,500,90,120,120,60,60,50,,0
295,233,Porygon2,NORMAL,,Trace|Download|Analytic,515,85,80,90,105,95,60,,0
296,234,Stantler,NORMAL,,Intimidate|Frisk|SapSipper,465,73,95,62,85,65,85,,0
297,235,Smeargle,NORMAL,,OwnTempo|Technician|Moody,250,55,20,35,20,45,75,,10
298,236,Tyrogue,FIGHTING,,Guts|Steadfast|VitalSpirit,210,35,35,35,35,35,35,,0
299,237,Hitmontop,FIGHTING,,Intimidate|Technician|Steadfast,455,50,95,95,35,110,70,,0
300,238,Smoochum,ICE,PSYCHIC,Oblivious|Forewarn|Hydration,305,45,30,15,85,65,65,,0
304,242,Blissey,NORMAL,,NaturalCure|SereneGrace|Healer,540,255,10,10,75,135,55,,0
305,243,Raikou,ELECTRIC,,Pressure|InnerFocus,580,90,85,75,115,100,115,,0
306,244,Entei,FIRE,,Pressure|InnerFocus,580,115,115,85,90,75,100,,3
307,245,Suicune,WATER,,Pressure|InnerFocus,580,100,75,115,90,115,85,,0
308,246,Larvitar,ROCK,GROUND,Guts|SandVeil,300,50,64,50,45,50,41,,0
309,247,Pupitar,ROCK,GROUND,ShedSkin,410,70,84,70,65,70,51,,0
310,248,Tyranitar,ROCK,DARK,SandStream|Unnerve,600,100,134,110,95,100,61,,3
312,249,Lugia,PSYCHIC,FLYING,Pressure|Multiscale,680,106,90,130,90,154,110,,0
313,250,Ho-oh,FIRE,FLYING,Pressure|Regenerator,680,106,130,90,110,154,90,,0
315,252,Treecko,GRASS,,Overgrow|Unburden,310,40,45,35,65,55,70,,0
316,253,Grovyle,GRASS,,Overgrow|Unburden,405,50,65,45,85,65,95,,0
317,254,Sceptile,GRASS,,Overgrow|Unburden,530,70,85,65,105,85,120,,0
319,255,Torchic,FIRE,,Blaze|SpeedBoost,310,45,60,40,70,50,45,,0
320,256,Combusken,FIRE,FIGHTING,Blaze|SpeedBoost,405,60,85,60,85,60,55,,0
321,257,Blaziken,FIRE,FIGHTING,Blaze|SpeedBoost,530,80,120,70,110,70,80,,0
323,258,Mudkip,WATER,,Torrent|Damp,310,50,70,50,50,50,40,,0
324,259,Marshtomp,WATER,GROUND,Torrent|Damp,405,70,85,70,60,70,50,,0
325,260,Swampert,WATER,GROUND,Torrent|Damp,535,100,110,90,85,90,60,,0
327,261,Poochyena,DARK,,RunAway|QuickFeet|Rattled,220,35,55,35,30,30,35,,0
328,262,Mightyena,DARK,,Intimidate|QuickFeet|Moxie,420,70,90,70,60,60,70,,0
338,270,Lotad,WATER,GRASS,SwiftSwim|RainDish|OwnTempo,220,40,30,30,40,50,30,,0
339,271,Lombre,WATER,GRASS,SwiftSwim|RainDish|OwnTempo,340,60,50,50,60,70,50,,0
340,272,Ludicolo,WATER,GRASS,SwiftSwim|RainDish|OwnTempo,480,80,70,70,90,100,70,,0
341,273,Seedot,GRASS,,Chlorophyll|EarlyBird|Pickpocket,220,40,40,50,30,30,30,,0
342,274,Nuzleaf,GRASS,DARK,Chlorophyll|EarlyBird|Pickpocket,340,70,70,40,60,40,60,,0
343,275,Shiftry,GRASS,DARK,Chlorophyll|WindRider|Pickpocket,480,90,100,60,90,60,80,,0
346,278,Wingull,WATER,FLYING,KeenEye|Hydration|RainDish,270,40,30,30,55,30,85,,0
347,279,Pelipper,WATER,FLYING,KeenEye|Drizzle|RainDish,440,60,50,100,95,70,65,,7
348,280,Ralts,PSYCHIC,FAIRY,Synchronize|Trace|Telepathy,198,28,25,25,45,35,40,,0
349,281,Kirlia,PSYCHIC,FAIRY,Synchronize|Trace|Telepathy,278,38,35,35,65,55,50,,0
350,282,Gardevoir,PSYCHIC,FAIRY,Synchronize|Trace|Telepathy,518,68,65,65,125,115,80,,0
352,283,Surskit,BUG,WATER,SwiftSwim|RainDish,269,40,30,32,50,52,65,,0
353,284,Masquerain,BUG,FLYING,Intimidate|Unnerve,454,70,60,62,100,82,80,,0
354,285,Shroomish,GRASS,,EffectSpore|PoisonHeal|QuickFeet,295,60,40,60,40,60,35,,0
355,286,Breloom,GRASS,FIGHTING,EffectSpore|PoisonHeal|Technician,460,60,130,80,60,60,70,,0
356,287,Slakoth,NORMAL,,Truant,280,60,60,60,35,35,30,,0
357,288,Vigoroth,NORMAL,,VitalSpirit,440,80,80,80,55,55,90,,0
358,289,Slaking,NORMAL,,Truant,670,150,160,100,95,65,100,,0
365,296,Makuhita,FIGHTING,,ThickFat|Guts|SheerForce,237,72,60,30,20,30,25,,0
366,297,Hariyama,FIGHTING,,ThickFat|Guts|SheerForce,474,144,120,60,40,60,50,,1
367,298,Azurill,NORMAL,FAIRY,ThickFat|HugePower|SapSipper,190,50,20,40,20,40,20,,0
368,299,Nosepass,ROCK,,Sturdy|MagnetPull|SandForce,375,30,45,135,45,90,30,,0
371,302,Sableye,DARK,GHOST,Keen Eye|Stall|Prankster,380,50,75,75,65,65,50,,1
379,307,Meditite,FIGHTING,PSYCHIC,PurePower|Telepathy,280,30,40,55,40,55,60,,0
380,308,Medicham,FIGHTING,PSYCHIC,PurePower|Telepathy,410,60,60,75,60,75,80,,0
385,311,Plusle,ELECTRIC,,Plus|LightningRod,405,60,50,40,85,75,95,,0
386,312,Minun,ELECTRIC,,Minus|VoltAbsorb,405,60,40,50,75,85,95,,0
387,313,Volbeat,BUG,,Illuminate|Swarm|Prankster,430,65,73,75,47,85,85,,0
388,314,Illumise,BUG,,Oblivious|TintedLens|Prankster,430,65,47,75,73,85,85,,0
390,316,Gulpin,POISON,,LiquidOoze|StickyHold|Gluttony,302,70,43,53,43,53,40,,0
391,317,Swalot,POISON,,LiquidOoze|StickyHold|Gluttony,467,100,73,83,73,83,55,,0
397,322,Numel,FIRE,GROUND,Oblivious|Simple|OwnTempo,305,60,60,40,65,45,35,,0
398,323,Camerupt,FIRE,GROUND,MagmaArmor|SolidRock|AngerPoint,460,70,100,70,105,75,40,,0
400,324,Torkoal,FIRE,,WhiteSmoke|Drought|ShellArmor,470,70,85,140,85,70,20,,4
401,325,Spoink,PSYCHIC,,ThickFat|OwnTempo|Gluttony,330,60,25,35,70,80,60,,0
402,326,Grumpig,PSYCHIC,,ThickFat|OwnTempo|Gluttony,470,80,45,65,90,110,80,,0
404,328,Trapinch,GROUND,,HyperCutter|ArenaTrap|SheerForce,290,45,100,45,45,45,10,,0
405,329,Vibrava,GROUND,DRAGON,Levitate,340,50,70,50,50,50,70,,0
406,330,Flygon,GROUND,DRAGON,Levitate,520,80,100,80,80,80,100,,0
407,331,Cacnea,GRASS,,SandVeil|WaterAbsorb,335,50,85,40,85,40,35,,0
408,332,Cacturne,GRASS,DARK,SandVeil|WaterAbsorb,475,70,115,60,115,60,55,,0
409,333,Swablu,NORMAL,FLYING,NaturalCure|CloudNine,310,45,40,60,40,75,50,,0
410,334,Altaria,DRAGON,FLYING,NaturalCure|CloudNine,490,75,70,90,70,105,80,,1
412,335,Zangoose,NORMAL,,Immunity|ToxicBoost,458,73,115,60,60,60,90,,0
413,336,Seviper,POISON,,ShedSkin|Infiltrator,458,73,100,60,100,60,65,,0
416,339,Barboach,WATER,GROUND,Oblivious|Anticipation|Hydration,288,50,48,43,46,41,60,,0
417,340,Whiscash,WATER,GROUND,Oblivious|Anticipation|Hydration,468,110,78,73,76,71,60,,0
418,341,Corphish,WATER,,HyperCutter|ShellArmor|Adaptability,308,43,80,65,50,35,35,,0
419,342,Crawdaunt,WATER,DARK,HyperCutter|ShellArmor|Adaptability,468,63,120,85,90,55,55,,0
426,349,Feebas,WATER,,SwiftSwim|Oblivious|Adaptability,200,20,15,20,10,55,80,,0
427,350,Milotic,WATER,,MarvelScale|Competitive|CuteCharm,540,95,60,79,100,125,81,,0
430,353,Shuppet,GHOST,,Insomnia|Frisk|CursedBody,295,44,75,35,63,33,45,,0
431,354,Banette,GHOST,,Insomnia|Frisk|CursedBody,455,64,115,65,83,63,65,,0
433,355,Duskull,GHOST,,Levitate|Frisk,295,20,40,90,30,90,25,,0
434,356,Dusclops,GHOST,,Pressure|Frisk,455,40,70,130,60,130,25,,0
435,357,Tropius,GRASS,FLYING,Chlorophyll|SolarPower|Harvest,460,99,68,83,72,87,51,,0
436,358,Chimecho,PSYCHIC,,Levitate,455,75,50,80,95,90,65,,0
440,361,Snorunt,ICE,,InnerFocus|IceBody|Moody,300,50,50,50,50,50,50,,0
441,362,Glalie,ICE,,InnerFocus|IceBody|Moody,480,80,80,80,80,80,80,,0
450,370,Luvdisc,WATER,,SwiftSwim|Hydration,330,43,30,55,40,65,97,,0
451,371,Bagon,DRAGON,,RockHead|SheerForce,300,45,75,60,40,30,50,,0
452,372,Shelgon,DRAGON,,RockHead|Overcoat,420,65,95,100,60,50,50,,0
453,373,Salamence,DRAGON,FLYING,Intimidate|Moxie,600,95,135,80,110,80,100,,0
455,374,Beldum,STEEL,PSYCHIC,ClearBody|LightMetal,300,40,55,80,35,60,30,,0
456,375,Metang,STEEL,PSYCHIC,ClearBody|LightMetal,420,60,75,100,55,80,50,,0
457,376,Metagross,STEEL,PSYCHIC,ClearBody|LightMetal,600,80,135,130,95,90,70,,0
459,377,Regirock,ROCK,,ClearBody|Sturdy,580,80,100,200,50,100,50,,0
460,378,Regice,ICE,,ClearBody|IceBody,580,80,50,100,100,200,50,,0
461,379,Registeel,STEEL,,ClearBody|LightMetal,580,80,75,150,75,150,50,,0
462,380,Latias,DRAGON,PSYCHIC,Levitate,600,80,80,90,110,130,110,,0
464,381,Latios,DRAGON,PSYCHIC,Levitate,600,80,90,80,130,110,110,,3
466,382,Kyogre,WATER,,Drizzle,670,100,100,90,150,140,90,,6
468,383,Groudon,GROUND,,Drought,670,100,150,140,100,90,90,,3
470,384,Rayquaza,DRAGON,FLYING,AirLock,680,105,150,90,150,90,95,,0
472,385,Jirachi,STEEL,PSYCHIC,SereneGrace,600,100,100,100,100,100,100,,0
473,386,Deoxys_Normal Forme,PSYCHIC,,Pressure,600,50,150,50,150,50,150,,0
474,386,Deoxys_Attack Forme,PSYCHIC,,Pressure,600,50,180,20,180,20,150,,0
475,386,Deoxys_Defense Forme,PSYCHIC,,Pressure,600,50,70,160,70,160,90,,0
476,386,Deoxys_Speed Forme,PSYCHIC,,Pressure,600,50,95,90,95,90,180,,0
477,387,Turtwig,GRASS,,Overgrow|ShellArmor,318,55,68,64,45,55,31,,0
478,388,Grotle,GRASS,,Overgrow|ShellArmor,405,75,89,85,55,65,36,,0
479,389,Torterra,GRASS,GROUND,Overgrow|ShellArmor,525,95,109,105,75,85,56,,0
480,390,Chimchar,FIRE,,Blaze|IronFist,309,44,58,44,58,44,61,,0
481,391,Monferno,FIRE,FIGHTING,Blaze|IronFist,405,64,78,52,78,52,81,,0
482,392,Infernape,FIRE,FIGHTING,Blaze|IronFist,534,76,104,71,104,71,108,,0
483,393,Piplup,WATER,,Torrent|Competitive,314,53,51,53,61,56,40,,0
484,394,Prinplup,WATER,,Torrent|Competitive,405,64,66,68,81,76,50,,0
485,395,Empoleon,WATER,STEEL,Torrent|Competitive,530,84,86,88,111,101,60,,0
486,396,Starly,NORMAL,FLYING,KeenEye|Reckless,245,40,55,30,30,30,60,,0
487,397,Staravia,NORMAL,FLYING,Intimidate|Reckless,340,55,75,50,40,40,80,,0
488,398,Staraptor,NORMAL,FLYING,Intimidate|Reckless,485,85,120,70,50,60,100,,0
491,401,Kricketot,BUG,,ShedSkin|RunAway,194,37,25,41,25,41,25,,0
492,402,Kricketune,BUG,,Swarm|Technician,384,77,85,51,55,51,65,,0
493,403,Shinx,ELECTRIC,,Rivalry|Intimidate|Guts,263,45,65,34,40,34,45,,0
494,404,Luxio,ELECTRIC,,Rivalry|Intimidate|Guts,363,60,85,49,60,49,60,,0
495,405,Luxray,ELECTRIC,,Rivalry|Intimidate|Guts,523,80,120,79,95,79,70,,0
498,408,Cranidos,ROCK,,MoldBreaker|SheerForce,350,67,125,40,30,30,58,,0
499,409,Rampardos,ROCK,,MoldBreaker|SheerForce,495,97,165,60,65,50,58,,0
500,410,Shieldon,ROCK,STEEL,Sturdy|Soundproof,350,30,42,118,42,88,30,,0
501,411,Bastiodon,ROCK,STEEL,Sturdy|Soundproof,495,60,52,168,47,138,30,,0
509,415,Combee,BUG,FLYING,HoneyGather|Hustle,244,30,30,42,30,42,70,,0
510,416,Vespiquen,BUG,FLYING,Pressure|Unnerve,474,70,80,102,80,102,40,,0
511,417,Pachirisu,ELECTRIC,,RunAway|Pickup|VoltAbsorb,405,60,45,70,45,90,95,,0
512,418,Buizel,WATER,,SwiftSwim|WaterVeil,330,55,65,35,60,30,85,,0
513,419,Floatzel,WATER,,SwiftSwim|WaterVeil,495,85,105,55,85,50,115,,0
516,422,Shellos,WATER,,StickyHold|StormDrain|SandForce,325,76,48,48,57,62,34,,0
517,423,Gastrodon,WATER,GROUND,StickyHold|StormDrain|SandForce,475,111,83,68,92,82,39,,0
518,424,Ambipom,NORMAL,,Technician|Pickup|SkillLink,482,75,100,66,60,66,115,,0
519,425,Drifloon,GHOST,FLYING,Aftermath|Unburden|FlareBoost,348,90,50,34,60,44,70,,0
520,426,Drifblim,GHOST,FLYING,Aftermath|Unburden|FlareBoost,498,150,80,44,90,54,80,,0
524,429,Mismagius,GHOST,,Levitate,495,60,60,60,105,105,105,,0
525,430,Honchkrow,DARK,FLYING,Insomnia|SuperLuck|Moxie,505,100,125,52,105,52,71,,0
528,433,Chingling,PSYCHIC,,Levitate,285,45,30,50,65,50,45,,0
529,434,Stunky,POISON,DARK,Stench|Aftermath|KeenEye,329,63,63,47,41,41,74,,0
530,435,Skuntank,POISON,DARK,Stench|Aftermath|KeenEye,479,103,93,67,71,61,84,,0
531,436,Bronzor,STEEL,PSYCHIC,Levitate|Heatproof|HeavyMetal,300,57,24,86,24,86,23,,0
532,437,Bronzong,STEEL,PSYCHIC,Levitate|Heatproof|HeavyMetal,500,67,89,116,79,116,33,,0
533,438,Bonsly,ROCK,,Sturdy|RockHead|Rattled,290,50,80,95,10,45,10,,0
535,440,Happiny,NORMAL,,NaturalCure|SereneGrace|FriendGuard,220,100,5,5,15,65,30,,0
537,442,Spiritomb,GHOST,DARK,Pressure|Infiltrator,485,50,92,108,92,108,35,,0
538,443,Gible,DRAGON,GROUND,SandVeil|RoughSkin,300,58,70,45,40,45,42,,0
539,444,Gabite,DRAGON,GROUND,SandVeil|RoughSkin,410,68,90,65,50,55,82,,0
540,445,Garchomp,DRAGON,GROUND,SandVeil|RoughSkin,600,108,130,95,80,85,102,,0
542,446,Munchlax,NORMAL,,Pickup|ThickFat|Gluttony,390,135,85,40,40,85,5,,0
543,447,Riolu,FIGHTING,,Steadfast|InnerFocus|Prankster,285,40,70,40,35,40,60,,0
544,448,Lucario,FIGHTING,STEEL,Steadfast|InnerFocus|Justified,525,70,110,70,115,70,90,,0
546,449,Hippopotas,GROUND,,SandStream|SandForce,330,68,72,78,38,42,32,,0
547,450,Hippowdon,GROUND,,SandStream|SandForce,525,108,112,118,68,72,47,,0
550,453,Croagunk,POISON,FIGHTING,Anticipation|DrySkin|PoisonTouch,300,48,61,40,61,40,50,,0
551,454,Toxicroak,POISON,FIGHTING,Anticipation|DrySkin|PoisonTouch,490,83,106,65,86,65,85,,0
553,456,Finneon,WATER,,SwiftSwim|StormDrain|WaterVeil,330,49,49,56,49,61,66,,0
554,457,Lumineon,WATER,,SwiftSwim|StormDrain|WaterVeil,460,69,69,76,69,86,91,,0
556,459,Snover,GRASS,ICE,SnowWarning|Soundproof,334,60,62,50,62,60,40,,0
557,460,Abomasnow,GRASS,ICE,SnowWarning|Soundproof,494,90,92,75,92,85,60,,0
559,461,Weavile,DARK,ICE,Pressure|Pickpocket,510,70,120,65,45,85,125,,0
560,462,Magnezone,ELECTRIC,STEEL,MagnetPull|Sturdy|Analytic,535,70,70,115,130,90,60,,0
562,464,Rhyperior,GROUND,ROCK,LightningRod|SolidRock|Reckless,535,115,140,130,55,55,40,,0
564,466,Electivire,ELECTRIC,,MotorDrive|VitalSpirit,540,75,123,67,95,85,95,,0
565,467,Magmortar,FIRE,,FlameBody|VitalSpirit,540,75,95,67,125,95,83,,0
567,469,Yanmega,BUG,FLYING,SpeedBoost|TintedLens|Frisk,515,86,76,86,116,56,95,,0
568,470,Leafeon,GRASS,,LeafGuard|Chlorophyll,525,65,110,130,60,65,95,,0
569,471,Glaceon,ICE,,SnowCloak|IceBody,525,65,60,110,130,95,65,,0
570,472,Gliscor,GROUND,FLYING,HyperCutter|SandVeil|PoisonHeal,510,75,95,125,45,75,95,,0
571,473,Mamoswine,ICE,GROUND,Oblivious|SnowCloak|ThickFat,530,110,130,80,70,60,80,,0
572,474,Porygon-Z,NORMAL,,Adaptability|Download|Analytic,535,85,80,70,135,75,90,,0
573,475,Gallade,PSYCHIC,FIGHTING,Steadfast|Sharpness|Justified,518,68,125,65,65,115,80,,1
575,476,Probopass,ROCK,STEEL,Sturdy|MagnetPull|SandForce,525,60,55,145,75,150,40,,0
576,477,Dusknoir,GHOST,,Pressure|Frisk,525,45,100,135,65,135,45,,0
577,478,Froslass,ICE,GHOST,SnowCloak|CursedBody,480,70,80,70,80,70,110,,0
578,479,Rotom,ELECTRIC,GHOST,Levitate,440,50,50,77,95,77,91,,0
579,479,Rotom_Heat Rotom,ELECTRIC,FIRE,Levitate,520,50,65,107,105,107,86,,0
580,479,Rotom_Wash Rotom,ELECTRIC,WATER,Levitate,520,50,65,107,105,107,86,,0
581,479,Rotom_Frost Rotom,ELECTRIC,ICE,Levitate,520,50,65,107,105,107,86,,0
582,479,Rotom_Fan Rotom,ELECTRIC,FLYING,Levitate,520,50,65,107,105,107,86,,0
583,479,Rotom_Mow Rotom,ELECTRIC,GRASS,Levitate,520,50,65,107,105,107,86,,0
584,480,Uxie,PSYCHIC,,Levitate,580,75,75,130,75,130,95,,0
585,481,Mesprit,PSYCHIC,,Levitate,580,80,105,105,105,105,80,,0
586,482,Azelf,PSYCHIC,,Levitate,580,75,125,70,125,70,115,,0
587,483,Dialga_Altered Forme,STEEL,DRAGON,Pressure|Telepathy,680,100,120,120,150,100,90,,0
588,483,Dialga_Origin Forme,STEEL,DRAGON,Pressure|Telepathy,680,100,100,120,150,120,90,Adamant Crystal,0
589,484,Palkia_Altered Forme,WATER,DRAGON,Pressure|Telepathy,680,90,120,100,150,120,100,,0
590,484,Palkia_Origin Forme,WATER,DRAGON,Pressure|Telepathy,680,90,100,100,150,120,120,Lustrous Globe,0
591,485,Heatran,FIRE,STEEL,FlashFire|FlameBody,600,91,90,106,130,106,77,,0
592,486,Regigigas,NORMAL,,SlowStart,670,110,160,110,80,110,100,,0
593,487,Giratina_Altered Forme,GHOST,DRAGON,Pressure|Telepathy,680,150,100,120,100,120,90,,0
594,487,Giratina_Origin Forme,GHOST,DRAGON,Levitate,680,150,120,100,120,100,90,Griseous Core,0
595,488,Cresselia,PSYCHIC,,Levitate,580,120,70,110,75,120,85,,0
596,489,Phione,WATER,,Hydration,480,80,80,80,80,80,80,,0
597,490,Manaphy,WATER,,Hydration,600,100,100,100,100,100,100,,0
598,491,Darkrai,DARK,,BadDreams,600,70,90,90,135,90,125,,0
599,492,Shaymin_Land Forme,GRASS,,NaturalCure,600,100,100,100,100,100,100,,0
600,492,Shaymin_Sky Forme,GRASS,FLYING,SereneGrace,600,100,103,75,120,75,127,,0
601,493,Arceus,NORMAL,,Multitype,720,120,120,120,120,120,120,,0
603,495,Snivy,GRASS,,Overgrow|Contrary,308,45,45,55,45,55,63,,0
604,496,Servine,GRASS,,Overgrow|Contrary,413,60,60,75,60,75,83,,0
605,497,Serperior,GRASS,,Overgrow|Contrary,528,75,75,95,75,95,113,,0
606,498,Tepig,FIRE,,Blaze|ThickFat,308,65,63,45,45,45,45,,0
607,499,Pignite,FIRE,FIGHTING,Blaze|ThickFat,418,90,93,55,70,55,55,,0
608,500,Emboar,FIRE,FIGHTING,Blaze|Reckless,528,110,123,65,100,65,65,,0
609,501,Oshawott,WATER,,Torrent|ShellArmor,308,55,55,45,63,45,45,,0
610,502,Dewott,WATER,,Torrent|ShellArmor,413,75,75,60,83,60,60,,0
611,503,Samurott,WATER,,Torrent|ShellArmor,528,95,100,85,108,70,70,,0
612,503,Samurott_Hisuian Samurott,WATER,DARK,Torrent|Sharpness,528,90,108,80,100,65,85,,0
638,529,Drilbur,GROUND,,SandRush|SandForce|MoldBreaker,328,60,85,40,30,45,68,,0
639,530,Excadrill,GROUND,STEEL,SandRush|SandForce|MoldBreaker,508,110,135,60,50,65,88,,0
642,532,Timburr,FIGHTING,,Guts|SheerForce|IronFist,305,75,80,55,25,35,35,,0
643,533,Gurdurr,FIGHTING,,Guts|SheerForce|IronFist,405,85,105,85,40,50,40,,0
644,534,Conkeldurr,FIGHTING,,Guts|SheerForce|IronFist,505,105,140,95,55,65,45,,0
650,540,Sewaddle,BUG,GRASS,Swarm|Chlorophyll|Overcoat,310,45,53,70,40,60,42,,0
651,541,Swadloon,BUG,GRASS,LeafGuard|Chlorophyll|Overcoat,380,55,63,90,50,80,42,,0
652,542,Leavanny,BUG,GRASS,Swarm|Chlorophyll|Overcoat,500,75,103,80,70,80,92,,0
656,546,Cottonee,GRASS,FAIRY,Prankster|Infiltrator|Chlorophyll,280,40,27,60,37,50,66,,0
657,547,Whimsicott,GRASS,FAIRY,Prankster|Infiltrator|Chlorophyll,480,60,67,85,77,75,116,,17
658,548,Petilil,GRASS,,Chlorophyll|OwnTempo|LeafGuard,280,45,35,50,70,50,30,,0
659,549,Lilligant,GRASS,,Chlorophyll|OwnTempo|LeafGuard,480,70,60,75,110,75,90,,0
660,549,Lilligant_Hisuian Lilligant,GRASS,FIGHTING,Chlorophyll|Hustle|LeafGuard,480,70,105,75,50,75,105,,0
661,550,Basculin_Red-Striped Form,WATER,,Reckless|Adaptability|MoldBreaker,460,70,92,65,80,55,98,,0
662,550,Basculin_Blue-Striped Form,WATER,,RockHead|Adaptability|MoldBreaker,460,70,92,65,80,55,98,,0
663,550,Basculin_White-Striped Form,WATER,,Rattled|Adaptability|MoldBreaker,460,70,92,65,80,55,98,,0
664,551,Sandile,GROUND,DARK,Intimidate|Moxie|AngerPoint,292,50,72,35,35,35,65,,0
665,552,Krokorok,GROUND,DARK,Intimidate|Moxie|AngerPoint,351,60,82,45,45,45,74,,0
666,553,Krookodile,GROUND,DARK,Intimidate|Moxie|AngerPoint,519,95,117,80,65,70,92,,0
674,559,Scraggy,DARK,FIGHTING,ShedSkin|Moxie|Intimidate,348,50,75,70,35,70,48,,0
675,560,Scrafty,DARK,FIGHTING,ShedSkin|Moxie|Intimidate,488,65,90,115,45,115,58,,0
686,570,Zorua,DARK,,Illusion,330,40,65,40,80,40,65,,0
687,570,Zorua_Hisuian Zorua,NORMAL,GHOST,Illusion,330,35,60,40,85,40,70,,0
688,571,Zoroark,DARK,,Illusion,510,60,105,60,120,60,105,,0
689,571,Zoroark_Hisuian Zoroark,NORMAL,GHOST,Illusion,510,55,100,60,125,60,110,,0
690,572,Minccino,NORMAL,,CuteCharm|Technician|SkillLink,300,55,50,40,40,40,75,,0
691,573,Cinccino,NORMAL,,CuteCharm|Technician|SkillLink,470,75,95,60,65,60,115,,0
692,574,Gothita,PSYCHIC,,Frisk|Competitive|ShadowTag,290,45,30,50,55,65,45,,0
693,575,Gothorita,PSYCHIC,,Frisk|Competitive|ShadowTag,390,60,45,70,75,85,55,,0
694,576,Gothitelle,PSYCHIC,,Frisk|Competitive|ShadowTag,490,70,55,95,95,110,65,,0
695,577,Solosis,PSYCHIC,,Overcoat|MagicGuard|Regenerator,290,45,30,40,105,50,20,,0
696,578,Duosion,PSYCHIC,,Overcoat|MagicGuard|Regenerator,370,65,40,50,125,60,30,,0
697,579,Reuniclus,PSYCHIC,,Overcoat|MagicGuard|Regenerator,490,110,65,75,125,85,30,,0
698,580,Ducklett,WATER,FLYING,KeenEye|BigPecks|Hydration,305,62,44,50,44,50,55,,0
699,581,Swanna,WATER,FLYING,KeenEye|BigPecks|Hydration,473,75,87,63,87,63,98,,0
703,585,Deerling,NORMAL,GRASS,Chlorophyll|SapSipper|SereneGrace,335,60,60,50,40,50,75,,0
704,586,Sawsbuck,NORMAL,GRASS,Chlorophyll|SapSipper|SereneGrace,475,80,100,70,60,70,95,,0
708,590,Foongus,GRASS,POISON,EffectSpore|Regenerator,294,69,55,45,55,55,15,,0
709,591,Amoonguss,GRASS,POISON,EffectSpore|Regenerator,464,114,85,70,85,80,30,,15
712,594,Alomomola,WATER,,Healer|Hydration|Regenerator,470,165,75,80,40,45,65,,0
713,595,Joltik,BUG,ELECTRIC,CompoundEyes|Unnerve|Swarm,319,50,47,50,57,50,65,,0
714,596,Galvantula,BUG,ELECTRIC,CompoundEyes|Unnerve|Swarm,472,70,77,60,97,60,108,,0
720,602,Tynamo,ELECTRIC,,Levitate,275,35,55,40,45,40,60,,0
721,603,Eelektrik,ELECTRIC,,Levitate,405,65,85,70,75,70,40,,0
722,604,Eelektross,ELECTRIC,,Levitate,515,85,115,80,105,80,50,,0
725,607,Litwick,GHOST,FIRE,FlashFire|FlameBody|Infiltrator,275,50,30,55,65,55,20,,0
726,608,Lampent,GHOST,FIRE,FlashFire|FlameBody|Infiltrator,370,60,40,60,95,60,55,,0
727,609,Chandelure,GHOST,FIRE,FlashFire|FlameBody|Infiltrator,520,60,55,90,145,90,80,,0
728,610,Axew,DRAGON,,Rivalry|MoldBreaker|Unnerve,320,46,87,60,30,40,57,,0
729,611,Fraxure,DRAGON,,Rivalry|MoldBreaker|Unnerve,410,66,117,70,40,50,67,,0
730,612,Haxorus,DRAGON,,Rivalry|MoldBreaker|Unnerve,540,76,147,90,60,70,97,,0
731,613,Cubchoo,ICE,,SnowCloak|SlushRush|Rattled,305,55,70,40,60,40,40,,0
732,614,Beartic,ICE,,SnowCloak|SlushRush|SwiftSwim,505,95,130,80,70,80,50,,0
733,615,Cryogonal,ICE,,Levitate,515,80,50,50,95,135,105,,0
738,619,Mienfoo,FIGHTING,,InnerFocus|Regenerator|Reckless,350,45,85,50,55,50,65,,0
739,620,Mienshao,FIGHTING,,InnerFocus|Regenerator|Reckless,510,65,125,60,95,60,105,,3
741,622,Golett,GROUND,GHOST,IronFist|Klutz|NoGuard,303,59,74,50,35,50,35,,0
742,623,Golurk,GROUND,GHOST,IronFist|Klutz|NoGuard,483,89,124,80,55,80,55,,0
743,624,Pawniard,DARK,STEEL,Defiant|InnerFocus|Pressure,340,45,85,70,40,40,60,,0
744,625,Bisharp,DARK,STEEL,Defiant|InnerFocus|Pressure,490,65,125,100,60,70,70,,0
746,627,Rufflet,NORMAL,FLYING,KeenEye|SheerForce|Hustle,350,70,83,50,37,50,60,,0
747,628,Braviary,NORMAL,FLYING,KeenEye|SheerForce|Defiant,510,100,123,75,57,75,80,,0
748,628,Braviary_Hisuian Braviary,PSYCHIC,FLYING,KeenEye|SheerForce|TintedLens,510,110,83,70,112,70,65,,0
749,629,Vullaby,DARK,FLYING,BigPecks|Overcoat|WeakArmor,370,70,55,75,45,65,60,,0
750,630,Mandibuzz,DARK,FLYING,BigPecks|Overcoat|WeakArmor,510,110,65,105,55,95,80,,0
753,633,Deino,DARK,DRAGON,Hustle,300,52,65,50,45,50,38,,0
754,634,Zweilous,DARK,DRAGON,Hustle,420,72,85,70,65,70,58,,0
755,635,Hydreigon,DARK,DRAGON,Levitate,600,92,105,90,125,90,98,,0
756,636,Larvesta,BUG,FIRE,FlameBody|Swarm,360,55,85,55,50,55,60,,0
757,637,Volcarona,BUG,FIRE,FlameBody|Swarm,550,85,60,65,135,105,100,,0
758,638,Cobalion,STEEL,FIGHTING,Justified,580,91,90,129,90,72,108,,0
759,639,Terrakion,ROCK,FIGHTING,Justified,580,91,129,90,72,90,108,,0
760,640,Virizion,GRASS,FIGHTING,Justified,580,91,90,72,90,129,108,,0
761,641,Tornadus_Incarnate Forme,FLYING,,Prankster|Defiant,580,79,115,70,125,80,111,,9
762,641,Tornadus_Therian Forme,FLYING,,Regenerator,580,79,100,80,110,90,121,,0
763,642,Thundurus_Incarnate Forme,ELECTRIC,FLYING,Prankster|Defiant,580,79,115,70,125,80,111,,0
764,642,Thundurus_Therian Forme,ELECTRIC,FLYING,VoltAbsorb,580,79,105,70,145,80,101,,0
765,643,Reshiram,DRAGON,FIRE,Turboblaze,680,100,120,100,150,120,90,,0
766,644,Zekrom,DRAGON,ELECTRIC,Teravolt,680,100,150,120,120,100,90,,0
767,645,Landorus_Incarnate Forme,GROUND,FLYING,SandForce|SheerForce,600,89,125,90,115,80,101,,14
768,645,Landorus_Therian Forme,GROUND,FLYING,Intimidate,600,89,145,90,105,80,91,,0
769,646,Kyurem,DRAGON,ICE,Pressure,660,125,130,90,130,90,95,,0
770,646,Kyurem_White Kyurem,DRAGON,ICE,Turboblaze,700,125,120,90,170,100,95,,0
771,646,Kyurem_Black Kyurem,DRAGON,ICE,Teravolt,700,125,170,100,120,90,95,,0
773,647,Keldeo_Resolute Form,WATER,FIGHTING,Justified,580,91,72,90,129,90,108,,0
774,648,Meloetta_Aria Forme,NORMAL,PSYCHIC,SereneGrace,600,100,77,77,128,128,90,,0
776,649,Genesect,BUG,STEEL,Download,600,71,120,95,120,95,99,,0
777,650,Chespin,GRASS,,Overgrow|Bulletproof,313,56,61,65,48,45,38,,0
778,651,Quilladin,GRASS,,Overgrow|Bulletproof,405,61,78,95,56,58,57,,0
779,652,Chesnaught,GRASS,FIGHTING,Overgrow|Bulletproof,530,88,107,122,74,75,64,,0
780,653,Fennekin,FIRE,,Blaze|Magician,307,40,45,40,62,60,60,,0
781,654,Braixen,FIRE,,Blaze|Magician,409,59,59,58,90,70,73,,0
782,655,Delphox,FIRE,PSYCHIC,Blaze|Magician,534,75,69,72,114,100,104,,0
783,656,Froakie,WATER,,Torrent|Protean,314,41,56,40,62,44,71,,0
784,657,Frogadier,WATER,,Torrent|Protean,405,54,63,52,83,56,97,,0
785,658,Greninja,WATER,DARK,Torrent|Protean,530,72,95,67,103,71,122,,0
788,660,Diggersby,NORMAL,GROUND,Pickup|CheekPouch|HugePower,423,85,56,77,50,77,78,,0
789,661,Fletchling,NORMAL,FLYING,BigPecks|GaleWings,278,45,50,43,40,38,62,,0
790,662,Fletchinder,FIRE,FLYING,FlameBody|GaleWings,382,62,73,55,56,52,84,,0
791,663,Talonflame,FIRE,FLYING,FlameBody|GaleWings,499,78,81,71,74,69,126,,1
792,664,Scatterbug,BUG,,ShieldDust|CompoundEyes|FriendGuard,200,38,35,40,27,25,35,,0
793,665,Spewpa,BUG,,ShedSkin|FriendGuard,213,45,22,60,27,30,29,,0
794,666,Vivillon,BUG,FLYING,ShieldDust|CompoundEyes|FriendGuard,411,80,52,50,90,50,89,,0
795,667,Litleo,FIRE,NORMAL,Rivalry|Unnerve|Moxie,369,62,50,58,73,54,72,,0
797,669,Flabebe,FAIRY,,FlowerVeil|Symbiosis,303,44,38,39,61,79,42,,0
798,670,Floette,FAIRY,,FlowerVeil|Symbiosis,371,54,45,47,75,98,52,,0
799,671,Florges,FAIRY,,FlowerVeil|Symbiosis,552,78,65,68,112,154,75,,0
800,672,Skiddo,GRASS,,SapSipper|GrassPelt,350,66,65,48,62,57,52,,0
801,673,Gogoat,GRASS,,SapSipper|GrassPelt,531,123,100,62,97,81,68,,0
804,676,Furfrou,NORMAL,,FurCoat,472,75,80,60,65,90,102,,0
805,677,Espurr,PSYCHIC,,KeenEye|Infiltrator|OwnTempo,355,62,48,54,63,60,68,,0
806,678,Meowstic_Male,PSYCHIC,,KeenEye|Infiltrator|Prankster,466,74,48,76,83,81,104,,0
807,678,Meowstic_Female,PSYCHIC,,KeenEye|Infiltrator|Competitive,466,74,48,76,83,81,104,,0
816,686,Inkay,DARK,PSYCHIC,Contrary|SuctionCups|Infiltrator,288,53,54,53,37,46,45,,0
817,687,Malamar,DARK,PSYCHIC,Contrary|SuctionCups|Infiltrator,482,86,92,88,68,75,73,,0
820,690,Skrelp,POISON,WATER,PoisonPoint|PoisonTouch|Adaptability,320,50,60,60,60,60,30,,0
821,691,Dragalge,POISON,DRAGON,PoisonPoint|PoisonTouch|Adaptability,494,65,75,90,97,123,44,,0
822,692,Clauncher,WATER,,MegaLauncher,330,50,53,62,58,63,44,,0
823,693,Clawitzer,WATER,,MegaLauncher,500,71,73,88,120,89,59,,0
830,700,Sylveon,FAIRY,,CuteCharm|Pixilate,525,95,65,65,110,130,60,,0
831,701,Hawlucha,FIGHTING,FLYING,Limber|Unburden|MoldBreaker,500,78,92,75,74,63,118,,0
832,702,Dedenne,ELECTRIC,FAIRY,CheekPouch|Pickup|Plus,431,67,58,57,81,67,101,,0
833,703,Carbink,ROCK,FAIRY,ClearBody|Sturdy,500,50,50,150,50,150,50,,0
834,704,Goomy,DRAGON,,SapSipper|Hydration|Gooey,300,45,50,35,55,75,40,,0
835,705,Sliggoo,DRAGON,,SapSipper|Hydration|Gooey,452,68,75,53,83,113,60,,0
836,705,Sliggoo_Hisuian Sliggoo,STEEL,DRAGON,SapSipper|ShellArmor|Gooey,452,58,75,83,83,113,40,,0
837,706,Goodra,DRAGON,,SapSipper|Hydration|Gooey,600,90,100,70,110,150,80,,0
838,706,Goodra_Hisuian Goodra,STEEL,DRAGON,SapSipper|ShellArmor|Gooey,600,80,100,100,110,150,60,,0
839,707,Klefki,STEEL,FAIRY,Prankster|Magician,470,57,80,91,80,87,75,,2
840,708,Phantump,GHOST,GRASS,NaturalCure|Frisk|Harvest,309,43,70,48,50,60,38,,0
841,709,Trevenant,GHOST,GRASS,NaturalCure|Frisk|Harvest,474,85,110,76,65,82,56,,0
844,712,Bergmite,ICE,,OwnTempo|IceBody|Sturdy,304,55,69,85,32,35,28,,0
845,713,Avalugg,ICE,,OwnTempo|IceBody|Sturdy,514,95,117,184,44,46,28,,0
846,713,Avalugg_Hisuian Avalugg,ICE,ROCK,StrongJaw|IceBody|Sturdy,514,95,127,184,34,36,38,,0
847,714,Noibat,FLYING,DRAGON,Frisk|Infiltrator|Telepathy,245,40,30,35,45,40,55,,0
848,715,Noivern,FLYING,DRAGON,Frisk|Infiltrator|Telepathy,535,85,70,80,97,80,123,,0
854,719,Diancie,ROCK,FAIRY,ClearBody,600,50,100,150,100,150,50,,0
856,720,Hoopa_Hoopa Confined,PSYCHIC,GHOST,Magician,600,80,110,60,150,130,70,,0
857,720,Hoopa_Hoopa Unbound,PSYCHIC,DARK,Magician,680,80,160,60,170,130,80,,0
858,721,Volcanion,FIRE,WATER,WaterAbsorb,600,80,110,120,130,90,70,,0
859,722,Rowlet,GRASS,FLYING,Overgrow|LongReach,320,68,55,55,50,50,42,,0
860,723,Dartrix,GRASS,FLYING,Overgrow|LongReach,420,78,75,75,70,70,52,,0
861,724,Decidueye,GRASS,GHOST,Overgrow|LongReach,530,78,107,75,100,100,70,,0
862,724,Decidueye_Hisuian Decidueye,GRASS,FIGHTING,Overgrow|Scrappy,530,88,112,80,95,95,60,,0
863,725,Litten,FIRE,,Blaze|Intimidate,320,45,65,40,60,40,70,,0
864,726,Torracat,FIRE,,Blaze|Intimidate,420,65,85,50,80,50,90,,0
865,727,Incineroar,FIRE,DARK,Blaze|Intimidate,530,95,115,90,80,90,60,,28
866,728,Popplio,WATER,,Torrent|LiquidVoice,320,50,54,54,66,56,40,,0
867,729,Brionne,WATER,,Torrent|LiquidVoice,420,60,69,69,91,81,50,,0
868,730,Primarina,WATER,FAIRY,Torrent|LiquidVoice,530,80,74,74,126,116,60,,0
869,731,Pikipek,NORMAL,FLYING,KeenEye|SkillLink|Pickup,265,35,75,30,30,30,65,,0
870,732,Trumbeak,NORMAL,FLYING,KeenEye|SkillLink|Pickup,355,55,85,50,40,50,75,,0
871,733,Toucannon,NORMAL,FLYING,KeenEye|SkillLink|SheerForce,485,80,120,75,75,75,60,,0
872,734,Yungoos,NORMAL,,StrongJaw|Stakeout|Adaptability,253,48,70,30,30,30,45,,0
873,735,Gumshoos,NORMAL,,StrongJaw|Stakeout|Adaptability,418,88,110,60,55,60,45,,0
874,736,Grubbin,BUG,,Swarm,300,47,62,45,55,45,46,,0
875,737,Charjabug,BUG,ELECTRIC,Battery,400,57,82,95,55,75,36,,0
876,738,Vikavolt,BUG,ELECTRIC,Levitate,500,77,70,90,145,75,43,,0
877,739,Crabrawler,FIGHTING,,HyperCutter|IronFist|AngerPoint,338,47,82,57,42,47,63,,0
878,740,Crabominable,FIGHTING,ICE,HyperCutter|IronFist|AngerPoint,478,97,132,77,62,67,43,,0
879,741,Oricorio_Baile Style,FIRE,FLYING,Dancer,476,75,70,70,98,70,93,,0
880,741,Oricorio_Pom-Pom Style,ELECTRIC,FLYING,Dancer,476,75,70,70,98,70,93,,0
881,741,Oricorio_Pa'u Style,PSYCHIC,FLYING,Dancer,476,75,70,70,98,70,93,,0
882,741,Oricorio_Sensu Style,GHOST,FLYING,Dancer,476,75,70,70,98,70,93,,0
883,742,Cutiefly,BUG,FAIRY,HoneyGather|ShieldDust|SweetVeil,304,40,45,40,55,40,84,,0
884,743,Ribombee,BUG,FAIRY,HoneyGather|ShieldDust|SweetVeil,464,60,55,60,95,70,124,,0
885,744,Rockruff,ROCK,,KeenEye|VitalSpirit|Steadfast,280,45,65,40,30,40,60,,0
886,745,Lycanroc_Midday Form,ROCK,,KeenEye|SandRush|Steadfast,487,75,115,65,55,65,112,,0
887,745,Lycanroc_Midnight Form,ROCK,,KeenEye|VitalSpirit|NoGuard,487,85,115,75,55,75,82,,0
888,745,Lycanroc_Dusk Form,ROCK,,ToughClaws,487,75,117,65,55,65,110,,0
891,747,Mareanie,POISON,WATER,Merciless|Limber|Regenerator,305,50,53,62,43,52,45,,0
892,748,Toxapex,POISON,WATER,Merciless|Limber|Regenerator,495,50,63,152,53,142,35,,0
893,749,Mudbray,GROUND,,OwnTempo|Stamina|InnerFocus,385,70,100,70,45,55,45,,0
894,750,Mudsdale,GROUND,,OwnTempo|Stamina|InnerFocus,500,100,125,100,55,85,35,,0
895,751,Dewpider,WATER,BUG,WaterBubble|WaterAbsorb,269,38,40,52,40,72,27,,0
896,752,Araquanid,WATER,BUG,WaterBubble|WaterAbsorb,454,68,70,92,50,132,42,,0
897,753,Fomantis,GRASS,,LeafGuard|Contrary,250,40,55,35,50,35,35,,0
898,754,Lurantis,GRASS,,LeafGuard|Contrary,480,70,105,90,80,90,45,,0
901,757,Salandit,POISON,FIRE,Corrosion|Oblivious,320,48,44,40,71,40,77,,0
902,758,Salazzle,POISON,FIRE,Corrosion|Oblivious,480,68,64,60,111,60,117,,0
905,761,Bounsweet,GRASS,,LeafGuard|Oblivious|SweetVeil,210,42,30,38,30,38,32,,0
906,762,Steenee,GRASS,,LeafGuard|Oblivious|SweetVeil,290,52,40,48,40,48,62,,0
907,763,Tsareena,GRASS,,LeafGuard|QueenlyMajesty|SweetVeil,510,72,120,98,50,98,72,,2
908,764,Comfey,FAIRY,,FlowerVeil|Triage|NaturalCure,485,51,52,90,82,110,100,,0
909,765,Oranguru,NORMAL,PSYCHIC,InnerFocus|Telepathy|Symbiosis,490,90,60,80,90,110,60,,0
910,766,Passimian,FIGHTING,,Receiver|Defiant,490,100,120,90,40,60,80,,0
913,769,Sandygast,GHOST,GROUND,WaterCompaction|SandVeil,320,55,55,80,70,45,15,,0
914,770,Palossand,GHOST,GROUND,WaterCompaction|SandVeil,480,85,75,110,100,75,35,,0
918,774,Minior_Meteor Form,ROCK,FLYING,ShieldsDown,440,60,60,100,60,100,60,,0
920,775,Komala,NORMAL,,Comatose,480,65,115,65,75,95,65,,0
923,778,Mimikyu,GHOST,FAIRY,Disguise,476,55,90,80,50,105,96,,0
924,779,Bruxish,WATER,PSYCHIC,Dazzling|StrongJaw|WonderSkin,475,68,105,70,70,70,92,,0
927,782,Jangmo-o,DRAGON,,Bulletproof|Soundproof|Overcoat,300,45,55,65,45,45,45,,0
928,783,Hakamo-o,DRAGON,FIGHTING,Bulletproof|Soundproof|Overcoat,420,55,75,90,65,70,65,,0
929,784,Kommo-o,DRAGON,FIGHTING,Bulletproof|Soundproof|Overcoat,600,75,110,125,100,105,85,,0
934,789,Cosmog,PSYCHIC,,Unaware,200,43,29,31,29,31,37,,0
935,790,Cosmoem,PSYCHIC,,Sturdy,400,43,29,131,29,131,37,,0
936,791,Solgaleo,PSYCHIC,STEEL,FullMetalBody,680,137,137,107,113,89,97,,0
937,792,Lunala,PSYCHIC,GHOST,ShadowShield,680,137,113,89,137,107,97,,2
945,800,Necrozma,PSYCHIC,,PrismArmor,600,97,107,101,127,89,79,,0
946,800,Necrozma_Dusk Mane Necrozma,PSYCHIC,STEEL,PrismArmor,680,97,157,127,113,109,77,,0
947,800,Necrozma_Dawn Wings Necrozma,PSYCHIC,GHOST,PrismArmor,680,97,113,109,157,127,77,,0
949,801,Magearna,STEEL,FAIRY,Soul-Heart,600,80,95,115,130,115,65,,0
958,810,Grookey,GRASS,,Overgrow|GrassySurge,310,50,65,50,40,40,65,,0
959,811,Thwackey,GRASS,,Overgrow|GrassySurge,420,70,85,70,55,60,80,,0
960,812,Rillaboom,GRASS,,Overgrow|GrassySurge,530,100,125,90,60,70,85,,40
961,813,Scorbunny,FIRE,,Blaze|Libero,310,50,71,40,40,40,69,,0
962,814,Raboot,FIRE,,Blaze|Libero,420,65,86,60,55,60,94,,0
963,815,Cinderace,FIRE,,Blaze|Libero,530,80,116,75,65,75,119,,0
964,816,Sobble,WATER,,Torrent|Sniper,310,50,40,40,70,40,70,,0
965,817,Drizzile,WATER,,Torrent|Sniper,420,65,60,55,95,55,90,,0
966,818,Inteleon,WATER,,Torrent|Sniper,530,70,85,65,125,65,120,,0
967,819,Skwovet,NORMAL,,CheekPouch|Gluttony,275,70,55,55,35,35,25,,0
968,820,Greedent,NORMAL,,CheekPouch|Gluttony,460,120,95,95,55,75,20,,0
969,821,Rookidee,FLYING,,KeenEye|Unnerve|BigPecks,245,38,47,35,33,35,57,,0
970,822,Corvisquire,FLYING,,KeenEye|Unnerve|BigPecks,365,68,67,55,43,55,77,,0
971,823,Corviknight,FLYING,STEEL,Pressure|Unnerve|MirrorArmor,495,98,87,105,53,85,67,,0
981,833,Chewtle,WATER,,StrongJaw|ShellArmor|SwiftSwim,284,50,64,50,38,38,44,,0
982,834,Drednaw,WATER,ROCK,StrongJaw|ShellArmor|SwiftSwim,485,90,115,90,48,68,74,,0
985,837,Rolycoly,ROCK,,SteamEngine|Heatproof|FlashFire,240,30,40,50,40,50,30,,0
986,838,Carkol,ROCK,FIRE,SteamEngine|FlameBody|FlashFire,410,80,60,90,60,70,50,,0
987,839,Coalossal,ROCK,FIRE,SteamEngine|FlameBody|FlashFire,510,110,80,120,80,90,30,,0
988,840,Applin,GRASS,DRAGON,Ripen|Gluttony|Bulletproof,260,40,40,80,40,40,20,,0
989,841,Flapple,GRASS,DRAGON,Ripen|Gluttony|Hustle,485,70,110,80,95,60,70,,0
990,842,Appletun,GRASS,DRAGON,Ripen|Gluttony|ThickFat,485,110,85,80,100,80,30,,0
991,843,Silicobra,GROUND,,SandSpit|ShedSkin|SandVeil,315,52,57,75,35,50,46,,0
992,844,Sandaconda,GROUND,,SandSpit|ShedSkin|SandVeil,510,72,107,125,65,70,71,,0
993,845,Cramorant,FLYING,WATER,GulpMissile,475,70,85,55,85,95,85,,0
994,846,Arrokuda,WATER,,SwiftSwim|PropellerTail,280,41,63,40,40,30,66,,0
995,847,Barraskewda,WATER,,SwiftSwim|PropellerTail,490,61,123,60,60,50,136,,0
996,848,Toxel,ELECTRIC,POISON,Rattled|Static|Klutz,242,40,38,35,54,35,40,,0
997,849,Toxtricity_Amped Form,ELECTRIC,POISON,PunkRock|Plus|Technician,502,75,98,70,114,70,75,,0
998,849,Toxtricity_LowKey Form,ELECTRIC,POISON,PunkRock|Minus|Technician,502,75,98,70,114,70,75,,0
1003,854,Sinistea,GHOST,,WeakArmor|CursedBody,308,40,45,45,74,54,50,,0
1004,855,Polteageist,GHOST,,WeakArmor|CursedBody,508,60,65,65,134,114,70,,0
1005,856,Hatenna,PSYCHIC,,Healer|Anticipation|MagicBounce,265,42,30,45,56,53,39,,0
1006,857,Hattrem,PSYCHIC,,Healer|Anticipation|MagicBounce,370,57,40,65,86,73,49,,0
1007,858,Hatterene,PSYCHIC,FAIRY,Healer|Anticipation|MagicBounce,510,57,90,95,136,103,29,,0
1008,859,Impidimp,DARK,FAIRY,Prankster|Frisk|Pickpocket,265,45,45,30,55,40,50,,0
1009,860,Morgrem,DARK,FAIRY,Prankster|Frisk|Pickpocket,370,65,60,45,75,55,70,,0
1010,861,Grimmsnarl,DARK,FAIRY,Prankster|Frisk|Pickpocket,510,95,120,65,95,75,60,,6
1012,863,Perrserker,STEEL,,BattleArmor|ToughClaws|SteelySpirit,440,70,110,100,50,60,50,,0
1017,868,Milcery,FAIRY,,SweetVeil|AromaVeil,270,45,40,40,50,61,34,,0
1018,869,Alcremie,FAIRY,,SweetVeil|AromaVeil,495,65,60,75,110,121,64,,0
1019,870,Falinks,FIGHTING,,BattleArmor|Defiant,470,65,100,100,70,60,75,,0
1020,871,Pincurchin,ELECTRIC,,LightningRod|ElectricSurge,435,48,101,95,91,85,15,,0
1021,872,Snom,ICE,BUG,ShieldDust|IceScales,185,30,25,35,45,30,20,,0
1022,873,Frosmoth,ICE,BUG,ShieldDust|IceScales,475,70,65,60,125,90,65,,0
1023,874,Stonjourner,ROCK,,PowerSpot,470,100,125,135,20,20,70,,0
1024,875,Eiscue_Ice Face,ICE,,IceFace,470,75,80,110,65,90,50,,0
1025,876,Indeedee_Male,PSYCHIC,NORMAL,InnerFocus|Synchronize|PsychicSurge,475,60,65,55,105,95,95,,0
1026,876,Indeedee_Female,PSYCHIC,NORMAL,OwnTempo|Synchronize|PsychicSurge,475,70,55,65,95,105,85,,11
1027,877,Morpeko_Full Belly Mode,ELECTRIC,DARK,HungerSwitch,436,58,95,58,70,58,97,,0
1029,878,Cufant,STEEL,,SheerForce|HeavyMetal,330,72,80,49,40,49,40,,0
1030,879,Copperajah,STEEL,,SheerForce|HeavyMetal,500,122,130,69,80,69,30,,0
1035,884,Duraludon,STEEL,DRAGON,LightMetal|HeavyMetal|Stalwart,535,70,95,115,120,50,85,,0
1036,885,Dreepy,DRAGON,GHOST,ClearBody|Infiltrator|CursedBody,270,28,60,30,40,30,82,,0
1037,886,Drakloak,DRAGON,GHOST,ClearBody|Infiltrator|CursedBody,410,68,80,50,60,50,102,,0
1038,887,Dragapult,DRAGON,GHOST,ClearBody|Infiltrator|CursedBody,600,88,120,75,100,75,142,,0
1039,888,Zacian_Hero of Many Battles,FAIRY,,IntrepidSword,660,92,120,115,80,115,138,,0
1040,888,Zacian_Crowned Sword,FAIRY,STEEL,IntrepidSword,700,92,150,115,80,115,148,Rusted Sword,2
1041,889,Zamazenta_Hero of Many Battles,FIGHTING,,DauntlessShield,660,92,120,115,80,115,138,,12
1042,889,Zamazenta_Crowned Shield,FIGHTING,STEEL,DauntlessShield,700,92,120,140,80,140,128,Rusted Shield,0
1043,890,Eternatus,POISON,DRAGON,Pressure,690,140,85,95,145,95,130,,0
1044,891,Kubfu,FIGHTING,,InnerFocus,385,60,90,60,53,50,72,,0
1045,892,Urshifu_Single Strike Style,FIGHTING,DARK,UnseenFist,550,100,130,100,63,60,97,,12
1046,892,Urshifu_Rapid Strike Style,FIGHTING,WATER,UnseenFist,550,100,130,100,63,60,97,,65
1047,893,Zarude,DARK,GRASS,LeafGuard,600,105,120,105,70,95,105,,0
1048,894,Regieleki,ELECTRIC,,Transistor,580,80,100,50,100,50,200,,1
1049,895,Regidrago,DRAGON,,Dragon'sMaw,580,200,100,50,100,50,80,,3
1050,896,Glastrier,ICE,,ChillingNeigh,580,100,145,130,65,110,30,,1
1051,897,Spectrier,GHOST,,GrimNeigh,580,100,65,60,145,80,130,,0
1052,898,Calyrex,PSYCHIC,GRASS,Unnerve,500,100,80,80,80,80,80,,0
1053,898,Calyrex_Ice Rider,PSYCHIC,ICE,Unnerve,680,100,165,150,85,130,50,,24
1054,898,Calyrex_Shadow Rider,PSYCHIC,GHOST,Unnerve,680,100,85,80,165,100,150,,25
1055,899,Wyrdeer,NORMAL,PSYCHIC,Intimidate|Frisk|SapSipper,525,103,105,72,105,75,65,,0
1056,900,Kleavor,BUG,ROCK,Swarm|SheerForce|Sharpness,500,70,135,95,45,70,85,,0
1057,901,Ursaluna,GROUND,NORMAL,Guts|Bulletproof|Unnerve,550,130,140,105,45,80,50,,3
1058,901,Ursaluna_Bloodmoon,GROUND,NORMAL,Mind's Eye,555,113,70,120,135,65,52,,8
1059,902,Basculegion_Male,WATER,GHOST,SwiftSwim|Adaptability|MoldBreaker,530,120,112,65,80,75,78,,1
1060,902,Basculegion_Female,WATER,GHOST,SwiftSwim|Adaptability|MoldBreaker,530,120,92,65,100,75,78,,0
1061,903,Sneasler,FIGHTING,POISON,Pressure|Unburden|PoisonTouch,510,80,130,60,40,80,120,,0
1062,904,Overqwil,DARK,POISON,PoisonPoint|SwiftSwim|Intimidate,510,85,115,95,65,65,85,,0
1063,905,Enamorus_Incarnate Forme,FAIRY,FLYING,CuteCharm|Contrary,580,74,115,70,135,80,106,,0
1064,905,Enamorus_Therian Forme,FAIRY,FLYING,Overcoat,580,74,115,110,135,100,46,,0
1065,906,Sprigatito,GRASS,,Overgrow|Protean,310,40,61,54,45,45,65,,0
1066,907,Floragato,GRASS,,Overgrow|Protean,410,61,80,63,60,63,83,,0
1067,908,Meowscarada,GRASS,DARK,Overgrow|Protean,530,76,110,70,81,70,123,,0
1068,909,Fuecoco,FIRE,,Blaze|Unaware,310,67,45,59,63,40,36,,0
1069,910,Crocalor,FIRE,,Blaze|Unaware,411,81,55,78,90,58,49,,0
1070,911,Skeledirge,FIRE,GHOST,Blaze|Unaware,530,104,75,100,110,75,66,,0
1071,912,Quaxly,WATER,,Torrent|Moxie,310,55,65,45,50,45,50,,0
1072,913,Quaxwell,WATER,,Torrent|Moxie,410,70,85,65,65,60,65,,0
1073,914,Quaquaval,WATER,FIGHTING,Torrent|Moxie,530,85,120,80,85,75,85,,0
1074,915,Lechonk,NORMAL,,AromaVeil|Gluttony|ThickFat,254,54,45,40,35,45,35,,0
1075,916,Oinkologne_Male,NORMAL,,LingeringAroma|Gluttony|ThickFat,489,110,100,75,59,80,65,,0
1076,916,Oinkologne_Female,NORMAL,,AromaVeil|Gluttony|ThickFat,489,115,90,70,59,90,65,,0
1077,917,Tarountula,BUG,,Insomnia|Stakeout,210,35,41,45,29,40,20,,0
1078,918,Spidops,BUG,,Insomnia|Stakeout,404,60,79,92,52,86,35,,0
1079,919,Nymble,BUG,,Swarm|TintedLens,210,33,46,40,21,25,45,,0
1080,920,Lokix,BUG,DARK,Swarm|TintedLens,450,71,102,78,52,55,92,,0
1081,921,Pawmi,ELECTRIC,,Static|NaturalCure|IronFist,240,45,50,20,40,25,60,,0
1082,922,Pawmo,ELECTRIC,FIGHTING,VoltAbsorb|NaturalCure|IronFist,350,60,75,40,50,40,85,,0
1083,923,Pawmot,ELECTRIC,FIGHTING,VoltAbsorb|NaturalCure|IronFist,490,70,115,70,70,60,105,,0
1084,924,Tandemaus,NORMAL,,RunAway|Pickup|OwnTempo,305,50,50,45,40,45,75,,0
1085,925,Maushold,NORMAL,,FriendGuard|CheekPouch|Technician,470,74,75,70,65,75,111,,1
1086,926,Fidough,FAIRY,,OwnTempo|Klutz,312,37,55,70,30,55,65,,0
1087,927,Dachsbun,FAIRY,,Well-BakedBody|AromaVeil,477,57,80,115,50,80,95,,0
1088,928,Smoliv,GRASS,NORMAL,EarlyBird|Harvest,260,41,35,45,58,51,30,,0
1089,929,Dolliv,GRASS,NORMAL,EarlyBird|Harvest,354,52,53,60,78,78,33,,0
1090,930,Arboliva,GRASS,NORMAL,SeedSower|Harvest,510,78,69,90,125,109,39,,0
1091,931,Squawkabilly,NORMAL,FLYING,Intimidate|Hustle|Guts,417,82,96,51,45,51,92,,0
1092,932,Nacli,ROCK,,PurifyingSalt|Sturdy|ClearBody,280,55,55,75,35,35,25,,0
1093,933,Naclstack,ROCK,,PurifyingSalt|Sturdy|ClearBody,355,60,60,100,35,65,35,,0
1094,934,Garganacl,ROCK,,PurifyingSalt|Sturdy|ClearBody,500,100,100,130,45,90,35,,0
1095,935,Charcadet,FIRE,,FlashFire|FlameBody,255,40,50,40,50,40,35,,0
1096,936,Armarouge,FIRE,PSYCHIC,FlashFire|WeakArmor,525,85,60,100,125,80,75,,0
1097,937,Ceruledge,FIRE,GHOST,FlashFire|WeakArmor,525,75,125,80,60,100,85,,0
1098,938,Tadbulb,ELECTRIC,,OwnTempo|Static|Damp,272,61,31,41,59,35,45,,0
1099,939,Bellibolt,ELECTRIC,,Electromorphosis|Static|Damp,495,109,64,91,103,83,45,,0
1100,940,Wattrel,ELECTRIC,FLYING,WindPower|VoltAbsorb|Competitive,280,40,40,35,55,40,70,,0
1101,941,Kilowattrel,ELECTRIC,FLYING,WindPower|VoltAbsorb|Competitive,490,70,70,60,105,60,125,,0
1102,942,Maschiff,DARK,,Intimidate|RunAway|Stakeout,340,60,78,60,40,51,51,,0
1103,943,Mabosstiff,DARK,,Intimidate|GuardDog|Stakeout,505,80,120,90,60,70,85,,0
1104,944,Shroodle,POISON,NORMAL,Unburden|Pickpocket|Prankster,290,40,65,35,40,35,75,,0
1105,945,Grafaiai,POISON,NORMAL,Unburden|PoisonTouch|Prankster,485,63,95,65,80,72,110,,0
1106,946,Bramblin,GRASS,GHOST,WindRider|Infiltrator,275,40,65,30,45,35,60,,0
1107,947,Brambleghast,GRASS,GHOST,WindRider|Infiltrator,480,55,115,70,80,70,90,,0
1108,948,Toedscool,GROUND,GRASS,MyceliumMight,335,40,40,35,50,100,70,,0
1109,949,Toedscruel,GROUND,GRASS,MyceliumMight,515,80,70,65,80,120,100,,0
1110,950,Klawf,ROCK,,AngerShell|ShellArmor|Regenerator,450,70,100,115,35,55,75,,0
1111,951,Capsakid,GRASS,,Chlorophyll|Insomnia|Klutz,304,50,62,40,62,40,50,,0
1112,952,Scovillain,GRASS,FIRE,Chlorophyll|Insomnia|Moody,486,65,108,65,108,65,75,,0
1113,953,Rellor,BUG,,CompoundEyes|ShedSkin,270,41,50,60,31,58,30,,0
1114,954,Rabsca,BUG,PSYCHIC,Synchronize|Telepathy,470,75,50,85,115,100,45,,0
1115,955,Flittle,PSYCHIC,,Anticipation|Frisk|SpeedBoost,255,30,35,30,55,30,75,,0
1116,956,Espathra,PSYCHIC,,Opportunist|Frisk|SpeedBoost,481,95,60,60,101,60,105,,0
1117,957,Tinkatink,FAIRY,STEEL,MoldBreaker|OwnTempo|Pickpocket,297,50,45,45,35,64,58,,0
1118,958,Tinkatuff,FAIRY,STEEL,MoldBreaker|OwnTempo|Pickpocket,380,65,55,55,45,82,78,,0
1119,959,Tinkaton,FAIRY,STEEL,MoldBreaker|OwnTempo|Pickpocket,506,85,75,77,70,105,94,,0
1120,960,Wiglett,WATER,,Gooey|Rattled|SandVeil,245,10,55,25,35,25,95,,0
1121,961,Wugtrio,WATER,,Gooey|Rattled|SandVeil,425,35,100,50,50,70,120,,0
1122,962,Bombirdier,FLYING,DARK,BigPecks|KeenEye|RockyPayload,485,70,103,85,60,85,82,,0
1123,963,Finizen,WATER,,WaterVeil,315,70,45,40,45,40,75,,0
1124,964,Palafin_Zero Form,WATER,,ZerotoHero,457,100,70,72,53,62,100,,0
1126,965,Varoom,STEEL,POISON,Overcoat|SlowStart,300,45,70,63,30,45,47,,0
1127,966,Revavroom,STEEL,POISON,Overcoat|Filter,500,80,119,90,54,67,90,,0
1128,967,Cyclizar,DRAGON,NORMAL,ShedSkin|Regenerator,501,70,95,65,85,65,121,,0
1129,968,Orthworm,STEEL,,EarthEater|SandVeil,480,70,85,145,60,55,65,,0
1130,969,Glimmet,ROCK,POISON,ToxicDebris|Corrosion,350,48,35,42,105,60,60,,0
1131,970,Glimmora,ROCK,POISON,ToxicDebris|Corrosion,525,83,55,90,130,81,86,,0
1132,971,Greavard,GHOST,,Pickup|Fluffy,290,50,61,60,30,55,34,,0
1133,972,Houndstone,GHOST,,SandRush|Fluffy,488,72,101,100,50,97,68,,0
1134,973,Flamigo,FLYING,FIGHTING,Scrappy|TangledFeet|Costar,500,82,115,74,75,64,90,,0
1135,974,Cetoddle,ICE,,ThickFat|SnowCloak|SheerForce,334,108,68,45,30,40,43,,0
1136,975,Cetitan,ICE,,ThickFat|SlushRush|SheerForce,521,170,113,65,45,55,73,,0
1137,976,Veluza,WATER,PSYCHIC,MoldBreaker|Sharpness,478,90,102,73,78,65,70,,0
1138,977,Dondozo,WATER,,Unaware|Oblivious|WaterVeil,530,150,100,115,65,65,35,,6
1139,978,Tatsugiri,DRAGON,WATER,Commander|StormDrain,475,68,50,60,120,95,82,,5
1140,979,Annihilape,FIGHTING,GHOST,VitalSpirit|InnerFocus|Defiant,535,110,115,80,50,90,90,,3
1141,980,Clodsire,POISON,GROUND,PoisonPoint|WaterAbsorb|Unaware,430,130,75,60,45,100,20,,0
1142,981,Farigiraf,NORMAL,PSYCHIC,CudChew|ArmorTail|SapSipper,520,120,90,70,110,70,60,,32
1143,982,Dudunsparce,NORMAL,,SereneGrace|RunAway|Rattled,520,125,100,80,85,75,55,,0
1144,983,Kingambit,DARK,STEEL,Defiant|SupremeOverlord|Pressure,550,100,135,120,60,85,50,,0
1145,984,Great Tusk,GROUND,FIGHTING,Protosynthesis,570,115,131,131,53,53,87,,0
1146,985,Scream Tail,FAIRY,PSYCHIC,Protosynthesis,570,115,65,99,65,115,111,,3
1147,986,Brute Bonnet,GRASS,DARK,Protosynthesis,570,111,127,99,79,99,55,,0
1148,987,Flutter Mane,GHOST,FAIRY,Protosynthesis,570,55,55,55,135,135,135,,21
1149,988,Slither Wing,BUG,FIGHTING,Protosynthesis,570,85,135,79,85,105,81,,0
1150,989,Sandy Shocks,ELECTRIC,GROUND,Protosynthesis,570,85,81,97,121,85,101,,0
1151,990,Iron Treads,GROUND,STEEL,QuarkDrive,570,90,112,120,72,70,106,,0
1152,991,Iron Bundle,ICE,WATER,QuarkDrive,570,56,80,114,124,60,136,,0
1153,992,Iron Hands,FIGHTING,ELECTRIC,QuarkDrive,570,154,140,108,50,68,50,,26
1154,993,Iron Jugulis,DARK,FLYING,QuarkDrive,570,94,80,86,122,80,108,,1
1155,994,Iron Moth,FIRE,POISON,QuarkDrive,570,80,70,60,140,110,110,,0
1156,995,Iron Thorns,ROCK,ELECTRIC,QuarkDrive,570,100,134,110,70,84,72,,0
1157,996,Frigibax,DRAGON,ICE,ThermalExchange|IceBody,320,65,75,45,35,45,55,,0
1158,997,Arctibax,DRAGON,ICE,ThermalExchange|IceBody,423,90,95,66,45,65,62,,0
1159,998,Baxcalibur,DRAGON,ICE,ThermalExchange|IceBody,600,115,145,92,75,86,87,,1
1160,999,Gimmighoul,GHOST,,Rattled,300,45,30,70,75,70,10,,0
1161,1000,Gholdengo,STEEL,GHOST,GoodasGold,550,87,60,95,133,91,84,,6
1162,1001,Wo-Chien,DARK,GRASS,TabletsofRuin,570,85,85,100,95,135,70,,1
1163,1002,Chien-Pao,DARK,ICE,SwordofRuin,570,80,120,80,90,65,135,,11
1164,1003,Ting-Lu,DARK,GROUND,VesselofRuin,570,155,110,125,55,80,45,,1
1165,1004,Chi-Yu,DARK,FIRE,BeadsofRuin,570,55,80,80,135,120,100,,19
1166,1005,Roaring Moon,DRAGON,DARK,Protosynthesis,590,105,139,71,55,101,119,,2
1167,1006,Iron Valiant,FAIRY,FIGHTING,QuarkDrive,590,74,130,90,120,60,116,,1
1168,1007,Koraidon,FIGHTING,DRAGON,OrichalcumPulse,670,100,135,115,85,100,135,,5
1169,1008,Miraidon,ELECTRIC,DRAGON,HadronEngine,670,100,85,100,135,115,135,,17
1170,1009,WalkingWake,WATER,DRAGON,Protosynthesis,590,99,83,91,125,83,109,,0
1171,1010,Iron Leaves,GRASS,PSYCHIC,QuarkDrive,590,90,130,88,70,108,104,,1
1172,1011,Dipplin,GRASS,DRAGON,SupersweetSyrup|Gluttony|StickyHold,485,80,80,110,95,80,40,,0
1173,1012,Poltchageist,GRASS,GHOST,Hospitality|Heatproof,308,40,45,45,74,54,50,,0
1174,1013,Sinistcha,GRASS,GHOST,Hospitality|Heatproof,508,71,60,106,121,80,70,,0
1175,1014,Okidogi,POISON,FIGHTING,ToxicChain|GuardDog,555,88,128,115,58,86,80,,1
1176,1015,Munkidori,POISON,PSYCHIC,ToxicChain|Frisk,555,88,75,66,130,90,106,,0
1177,1016,Fezandipiti,POISON,FAIRY,ToxicChain|Technician,555,88,91,82,70,125,99,,0
1178,1017,Ogerpon_Teal,GRASS,,Defiant|EmbodyAspect,550,80,120,84,60,96,110,,3
1179,1017,Ogerpon_Wellspring,GRASS,WATER,WaterAbsorb|EmbodyAspect,550,80,120,84,60,96,110,Wellspring Mask,2
1180,1017,Ogerpon_Hearthflame,GRASS,FIRE,MoldBreaker|EmbodyAspect,550,80,120,84,60,96,110,Hearthflame Mask,22
1181,1017,Ogerpon_Cornerstone,GRASS,ROCK,Sturdy|EmbodyAspect,550,80,120,84,60,96,110,Cornerstone Mask,17
1182,1018,Archaludon,STEEL,DRAGON,Stamina|Sturdy|Stalwart,600,90,105,130,125,65,85,,0
1183,1019,Hydrapple,GRASS,DRAGON,SupersweetSyrup|Regenerator|StickyHold,540,106,80,110,120,80,44,,0
1184,1020,Gouging Fire,FIRE,DRAGON,Protosynthesis,590,105,115,121,65,93,91,,0
1185,1021,Raging Bolt,ELECTRIC,DRAGON,Protosynthesis,590,125,73,91,137,89,75,,35
1186,1022,Iron Boulder,ROCK,PSYCHIC,QuarkDrive,590,90,120,80,68,108,124,,0
1187,1023,Iron Crown,STEEL,PSYCHIC,QuarkDrive,590,90,72,100,122,108,98,,2
1188,1024,Terapagos,NORMAL,,TeraShell,600,95,95,110,105,110,85,,10
1189,1025,Pecharunt,POISON,GHOST,PoisonPuppeteer,600,88,88,160,88,88,88,,0
